{"audio":{"masterVolume":0.05521669,"musicVolume":0.6187716,"sfxVolume":0.6369657}}